TempC,R_PT100_NOM_OHM,R_PT100_LOW_OHM,R_PT100_HIGH_OHM,VOUT_PT100_BBOX_V,VOUT_PT100_FILT_V
0,100,100,101.952706,2.328272,2.367077
20,107.7935,105.849456,109.734656,2.50954,2.551366
50,119.397125,117.470406,121.320956,2.779427,2.825751
100,138.5055,136.607656,138.5055,3.223866,3.277597
