{
  "fuente": "Resultados del PT100 regenerados desde LTspice; resultados SM-50 actualizados para RG=340 ohm con la misma tension de puente y la ecuacion de ganancia del INA826.",
  "adc_bbox": {
    "rango_lectura_v": "+/-5",
    "span_v": 10,
    "bits": 16,
    "lsb_v": 0.000152587890625,
    "nota": "La lectura maxima del ADC de la B-Box se toma como +/-5 V."
  },
  "pt100": {
    "temperatura_c": [0, 20, 50, 100],
    "resistencia_nominal_ohm": [100, 107.7935, 119.397125, 138.5055],
    "resistencia_baja_ohm": [100, 105.849456, 117.470406, 136.607656],
    "resistencia_alta_ohm": [101.952706, 109.734656, 121.320956, 138.5055],
    "salida_bbox_v": [2.328272, 2.50954, 2.779427, 3.223866],
    "salida_filtrada_v": [2.367077, 2.551366, 2.825751, 3.277597],
    "resumen": "La salida hacia la B-Box aumenta aproximadamente de 2.328272 V a 3.223866 V entre 0 C y 100 C."
  },
  "sm50": {
    "carga_lb": [0, 10, 20, 30, 40, 50],
    "tension_puente_mv": [0, 6.005764, 12.02631, 18.061161, 24.110794, 30.174255],
    "salida_real_bbox_v": [0.016155, 0.866168, 1.71823, 2.572347, 3.428524, 4.286772],
    "salida_ideal_v": [0.0, 0.878608, 1.759378, 2.642242, 3.527267, 4.414316],
    "limite_v": [5, 5, 5, 5, 5, 5],
    "resumen": "La senal diferencial alcanza aproximadamente 30.174255 mV y la salida real queda cerca de 4.286772 V a 50 lb, por debajo de la referencia de 5 V."
  }
}
