{
  "fuente": "Resultados del PT100 regenerados desde LTspice; resultados SM-50 actualizados para barrido bipolar nominal con RG=340 ohm y ecuacion de ganancia del INA826.",
  "adc_bbox": {
    "rango_lectura_v": "+/-5",
    "span_v": 10,
    "bits": 16,
    "lsb_v": 0.000152587890625,
    "nota": "La lectura maxima del ADC de la B-Box se toma como +/-5 V."
  },
  "pt100": {
    "temperatura_c": [0, 20, 50, 100],
    "resistencia_nominal_ohm": [100, 107.7935, 119.397125, 138.5055],
    "resistencia_baja_ohm": [100, 105.849456, 117.470406, 136.607656],
    "resistencia_alta_ohm": [101.952706, 109.734656, 121.320956, 138.5055],
    "salida_bbox_v": [2.328272, 2.50954, 2.779427, 3.223866],
    "salida_filtrada_v": [2.367077, 2.551366, 2.825751, 3.277597],
    "resumen": "La salida hacia la B-Box aumenta aproximadamente de 2.328272 V a 3.223866 V entre 0 C y 100 C."
  },
  "sm50": {
    "carga_lb": [-50, -40, -30, -20, -10, 0, 10, 20, 30, 40, 50],
    "tension_puente_mv": [-30.0, -24.0, -18.0, -12.0, -6.0, 0.0, 6.0, 12.0, 18.0, 24.0, 30.0],
    "salida_bbox_v": [-4.388824, -3.511059, -2.633294, -1.755529, -0.877765, 0.0, 0.877765, 1.755529, 2.633294, 3.511059, 4.388824],
    "limite_pos_v": [5, 5, 5, 5, 5, 5, 5, 5, 5, 5, 5],
    "limite_neg_v": [-5, -5, -5, -5, -5, -5, -5, -5, -5, -5, -5],
    "resumen": "La senal diferencial nominal alcanza +/-30 mV y la salida acondicionada del SM-50 queda en +/-4.39 V a escala completa, dentro del rango +/-5 V de la B-Box."
  }
}
