Load_lb,VBRIDGE_SM50_mV,VOUT_SM50_BBOX_V,VOUT_SM50_IDEAL_V,V_LIMIT_V
0,0,0.016155,0.000000,5
10,6.005764,0.866168,0.878608,5
20,12.02631,1.718230,1.759378,5
30,18.061161,2.572347,2.642242,5
40,24.110794,3.428524,3.527267,5
50,30.174255,4.286772,4.414316,5
