Load_lb,VBRIDGE_SM50_mV,VOUT_SM50_BBOX_V,VOUT_SM50_IDEAL_V,V_LIMIT_V
0,0,0.016155,-0.000028,10
10,6.005764,1.815897,1.83741,10
20,12.02631,3.619975,3.679269,10
30,18.061161,5.428405,5.525563,10
40,24.110794,7.241199,7.376311,10
50,30.174255,9.058375,9.231526,10
